Model,Mean_accuracy,Log_loss
"CountVectorizer(max_features=10000,ngram_range=(1,3))",0.742816091954023,0.8234851750502057
"TfidfVectorizer(max_features=10000,ngram_range=(1,3))",0.780970625798212,0.8892067425076239
"Doc2Vec(dm/c,d100,n5,w5,mc2,t4)",0.29549808429118773,0.7211038270090121
"Doc2Vec(""alpha=0.05"",dm/m,d100,n5,w10,mc2,t4)",0.5378352490421456,0.5646423278849847
"Doc2Vec(dbow,d100,n5,mc2,t4)",0.6946040868454662,0.5674722160648715
"Doc2Vec(dbow,d100,n5,mc2,t4)+Doc2Vec(dm/c,d100,n5,w5,mc2,t4)",0.6840676883780332,0.5546048308040175
"Doc2Vec(dbow,d100,n5,mc2,t4)+Doc2Vec(""alpha=0.05"",dm/m,d100,n5,w10,mc2,t4)",0.6736909323116219,0.5482917312974266
