Model,Mean_accuracy,Log_loss
"CountVectorizer(max_features=10000,ngram_range=(1,3))",0.7509744171213947,0.8371708627155672
"TfidfVectorizer(max_features=10000,ngram_range=(1,3))",0.7896676351782298,0.9034025261244388
"Doc2Vec(dbow,d100,n5,mc2,t12)",0.6976117922188364,0.5603132253856319
"Doc2Vec(""alpha=0.05"",dm/m,d100,n5,w10,mc2,t12)",0.5384451846077528,0.5690598813297381
"Doc2Vec(dm/c,d100,n5,w5,mc2,t12)",0.2704273261994189,0.6639590246606233
"Doc2Vec(dbow,d100,n5,mc2,t12)+Doc2Vec(""alpha=0.05"",dm/m,d100,n5,w10,mc2,t12)",0.695344057827227,0.5623909520532242
"Doc2Vec(dbow,d100,n5,mc2,t12)+Doc2Vec(dm/c,d100,n5,w5,mc2,t12)",0.682658918574162,0.5259188444967888
