Model,Mean_accuracy,Log_loss
TfidfVectorizer,0.7899511019771809,0.9034025261244388
CountVectorizer,0.7509744171213947,0.8371708627155672
doc2vecdmcd100n5w5mc2t12,0.2711359931967968,0.6751030342341484
doc2vecalpha005dmmd100n5w10mc2t12,0.5392247183048685,0.5640125984469506
doc2vecdbowd100n5mc2t12,0.7008716604067748,0.5598531045688614
doc2vecdbowd100n5mc2t12+doc2vecdmcd100n5w5mc2t12,0.6862022535610517,0.5330619565930224
doc2vecdbowd100n5mc2t12+doc2vecalpha005dmmd100n5w10mc2t12,0.6961944582240805,0.5527818112098523
