Model,Mean_accuracy,Log_loss
CountVectorizer,0.7481696156192801,0.8315126162279584
TfidfVectorizer,0.7896583282489322,0.8976229622662918
doc2vecdmcd100n5w5mc2t12,0.2799725442342892,0.6804469248837132
doc2vecdbowd100n5mc2t12,0.7002745576571079,0.558999168006038
doc2vecalpha005dmmd100n5w10mc2t12,0.5448444173276388,0.5670010471298037
doc2vecdbowd100n5mc2t12+doc2vecdmcd100n5w5mc2t12,0.6848688224527151,0.5333369018357538
doc2vecdbowd100n5mc2t12+doc2vecalpha005dmmd100n5w10mc2t12,0.6949359365466748,0.556139313451631
