Model,Mean_accuracy,Log_loss
"Doc2Vec(dm/c,d100,n5,w5,mc2,t4)",0.29581736909323114,0.7827562874159243
"Doc2Vec(""alpha=0.05"",dm/m,d100,n5,w10,mc2,t4)",0.5384738186462324,0.7591976575932082
"Doc2Vec(dbow,d100,n5,mc2,t4)",0.6934865900383141,1.3107991084884312
"Doc2Vec(dbow,d100,n5,mc2,t4)+Doc2Vec(dm/c,d100,n5,w5,mc2,t4)",0.6826309067688378,1.2707121133162216
"Doc2Vec(dbow,d100,n5,mc2,t4)+Doc2Vec(""alpha=0.05"",dm/m,d100,n5,w10,mc2,t4)",0.6765644955300127,0.8236352599139672
"CountVectorizer(max_features=10000,ngram_range=(1,3))",0.742816091954023,0.7167820298083882
"TfidfVectorizer(max_features=10000,ngram_range=(1,3))",0.780970625798212,0.7031659672204454
